15026696,250,3.75000,3.96383,125.28791
15035036,250,3.75000,4.13978,182.42407
15043336,250,3.75000,4.19355,207.07838
15051648,250,3.75000,4.20332,212.06034
15059952,250,3.75000,4.20332,212.06034
15068264,250,3.75000,4.20332,212.06034
15076568,250,3.75000,4.20821,214.61497
15084872,250,3.75000,4.20821,214.61497
15093176,250,3.75000,4.21310,217.21365
15101500,250,3.75000,4.20821,214.61497
15109800,250,3.75000,4.20332,212.06034
15118100,250,3.75000,4.20821,214.61497
15126412,250,3.75000,4.21310,217.21365
15134736,250,3.75000,4.20821,214.61497
15143048,250,3.75000,4.20821,214.61497
15151368,250,3.75000,4.21310,217.21365
15159680,250,3.75000,4.20821,214.61497
15167988,250,3.75000,4.20821,214.61497
15176300,250,3.75000,4.21310,217.21365
15184612,250,3.75000,4.20821,214.61497
15192932,250,3.75000,4.20821,214.61497
15201252,250,3.75000,4.20821,214.61497
15209576,250,3.75000,4.20821,214.61497
15217896,250,3.75000,4.20821,214.61497
15226200,250,3.75000,4.21310,217.21365
15234508,250,3.75000,4.20821,214.61497
15242820,250,3.75000,4.20821,214.61497
15251124,250,3.75000,4.20821,214.61497
15259428,250,3.75000,4.21310,217.21365
15267748,250,3.75000,4.20821,214.61497
15276072,250,3.75000,4.20821,214.61497
15284392,250,3.75000,4.20821,214.61497
15292696,250,3.75000,4.21310,217.21365
15301008,250,3.75000,4.20332,212.06034
15309308,250,3.75000,4.21310,217.21365
15317620,250,3.75000,4.21310,217.21365
15325932,250,3.75000,4.21310,217.21365
15334252,250,3.75000,4.20821,214.61497
15342572,250,3.75000,4.21310,217.21365
15350896,250,3.75000,4.20821,214.61497
15359216,250,3.75000,4.21310,217.21365
15367528,250,3.75000,4.21310,217.21365
15375844,250,3.75000,4.20821,214.61497
15384148,250,3.75000,4.20821,214.61497
15392452,250,3.75000,4.20821,214.61497
15400764,250,3.75000,4.21310,217.21365
15409092,250,3.75000,4.21310,217.21365
15417416,250,3.75000,4.21310,217.21365
15425736,250,3.75000,4.20821,214.61497
15434040,250,3.75000,4.20821,214.61497
15442344,250,3.75000,4.19844,209.54833
15450652,250,3.75000,4.21310,217.21365
15458964,250,3.75000,4.20821,214.61497
15467268,250,3.75000,4.20821,214.61497
15475580,250,3.75000,4.21310,217.21365
15483900,250,3.75000,4.20821,214.61497
15492224,250,3.75000,4.20821,214.61497
15500536,250,3.75000,4.20332,212.06034
15508832,250,3.75000,4.20821,214.61497
15517136,250,3.75000,4.20332,212.06034
15525444,250,3.75000,4.21310,217.21365
15533756,250,3.75000,4.21310,217.21365
15542064,250,3.75000,4.20332,212.06034
15550368,250,3.75000,4.20332,212.06034
15558680,250,3.75000,4.20821,214.61497
15567000,250,3.75000,4.20821,214.61497
15575312,250,3.75000,4.20821,214.61497
15583616,250,3.75000,4.20821,214.61497
15591924,250,3.75000,4.20821,214.61497
15600228,250,3.75000,4.21310,217.21365
15608540,250,3.75000,4.20821,214.61497
15616852,250,3.75000,4.20821,214.61497
15625160,250,3.75000,4.20332,212.06034
15633472,250,3.75000,4.20821,214.61497
15641792,250,3.75000,4.20821,214.61497
15650096,250,3.75000,4.21310,217.21365
15658408,250,3.75000,4.21310,217.21365
15666720,250,3.75000,4.19844,209.54833
15675036,250,3.75000,4.20821,214.61497
15683340,250,3.75000,4.20821,214.61497
15691652,250,3.75000,4.20821,214.61497
15699976,250,3.75000,4.20821,214.61497
15708296,250,3.75000,4.20821,214.61497
15716616,250,3.75000,4.20821,214.61497
15724920,250,3.75000,4.21310,217.21365
15733236,250,3.75000,4.21310,217.21365
15741544,250,3.75000,4.20332,212.06034
15749844,250,3.75000,4.20821,214.61497
15758156,250,3.75000,4.20821,214.61497
15766480,250,3.75000,4.21799,219.85723
15774800,250,3.75000,4.19844,209.54833
15783112,250,3.75000,4.20821,214.61497
15791416,250,3.75000,4.20821,214.61497
15799720,250,3.75000,4.20821,214.61497
15808028,250,3.75000,4.20821,214.61497
15816328,250,3.75000,4.20332,212.06034
15824628,250,3.75000,4.21310,217.21365
15832948,250,3.75000,4.21310,217.21365
15841268,250,3.75000,4.21310,217.21365
15849592,250,3.75000,4.21310,217.21365
15857912,250,3.75000,4.20821,214.61497
15866216,250,3.75000,4.20332,212.06034
15874508,250,3.75000,4.20821,214.61497
15882820,250,3.75000,4.21310,217.21365
15891128,250,3.75000,4.19844,209.54833
15899444,250,3.75000,4.21310,217.21365
15907764,250,3.75000,4.21310,217.21365
15916088,250,3.75000,4.21310,217.21365
15924408,250,3.75000,4.20821,214.61497
15932712,250,3.75000,4.20821,214.61497
15941024,250,3.75000,4.20821,214.61497
15949332,250,3.75000,4.20821,214.61497
15957632,250,3.75000,4.20332,212.06034
15965932,250,3.75000,4.20821,214.61497
15974252,250,3.75000,4.20821,214.61497
15982572,250,3.75000,4.21310,217.21365
15990896,250,3.75000,4.20821,214.61497
15999216,250,3.75000,4.20332,212.06034
16007512,250,3.75000,4.20821,214.61497
16015816,250,3.75000,4.20821,214.61497
16024132,250,3.75000,4.21310,217.21365
16032444,250,3.75000,4.20821,214.61497
16040748,250,3.75000,4.20821,214.61497
16049060,250,3.75000,4.21310,217.21365
16057384,250,3.75000,4.20332,212.06034
16065688,250,3.75000,4.20821,214.61497
16074000,250,3.75000,4.21310,217.21365
16082312,250,3.75000,4.21310,217.21365
16090620,250,3.75000,4.21310,217.21365
16098932,250,3.75000,4.20821,214.61497
16107236,250,3.75000,4.21310,217.21365
16115556,250,3.75000,4.21310,217.21365
16123876,250,3.75000,4.20821,214.61497
16132192,250,3.75000,4.21310,217.21365
16140512,250,3.75000,4.20821,214.61497
16148816,250,3.75000,4.21310,217.21365
16157128,250,3.75000,4.20821,214.61497
16165444,250,3.75000,4.21310,217.21365
16173756,250,3.75000,4.21310,217.21365
16182068,250,3.75000,4.21310,217.21365
16190388,250,3.75000,4.20821,214.61497
16198712,250,3.75000,4.20821,214.61497
16207032,250,3.75000,4.20821,214.61497
16215336,250,3.75000,4.20821,214.61497
16223640,250,3.75000,4.19844,209.54833
16231948,250,3.75000,4.20821,214.61497
16240252,250,3.75000,4.20821,214.61497
16248556,250,3.75000,4.21310,217.21365
16256876,250,3.75000,4.20821,214.61497
16265184,250,3.75000,4.20332,212.06034
16273496,250,3.75000,4.20821,214.61497
16281816,250,3.75000,4.20821,214.61497
16290120,250,3.75000,4.20821,214.61497
16298424,250,3.75000,4.20821,214.61497
16306732,250,3.75000,4.20821,214.61497
16315036,250,3.75000,4.21310,217.21365
16323348,250,3.75000,4.20821,214.61497
16331660,250,3.75000,4.20821,214.61497
16339984,250,3.75000,4.21310,217.21365
16348304,250,3.75000,4.21310,217.21365
16356624,250,3.75000,4.21310,217.21365
16364936,250,3.75000,4.21310,217.21365
16373252,250,3.75000,4.21310,217.21365
16381564,250,3.75000,4.21310,217.21365
16389876,250,3.75000,4.21310,217.21365
16398196,250,3.75000,4.21310,217.21365
16406516,250,3.75000,4.21310,217.21365
16414840,250,3.75000,4.20821,214.61497
16423152,250,3.75000,4.21310,217.21365
16431464,250,3.75000,4.20821,214.61497
16439772,250,3.75000,4.21310,217.21365
16448084,250,3.75000,4.21310,217.21365
16456384,250,3.75000,4.20332,212.06034
16464684,250,3.75000,4.21310,217.21365
16473004,250,3.75000,4.20821,214.61497
16481320,250,3.75000,4.21310,217.21365
16489640,250,3.75000,4.21310,217.21365
16497960,250,3.75000,4.21310,217.21365
16506272,250,3.75000,4.20821,214.61497
16514576,250,3.75000,4.20332,212.06034
16522868,250,3.75000,4.20821,214.61497
16531172,250,3.75000,4.21310,217.21365
16539492,250,3.75000,4.20821,214.61497
16547804,250,3.75000,4.20821,214.61497
16556120,250,3.75000,4.20821,214.61497
16564432,250,3.75000,4.20821,214.61497
16572736,250,3.75000,4.20821,214.61497
16581040,250,3.75000,4.21310,217.21365
16589356,250,3.75000,4.20821,214.61497
16597660,250,3.75000,4.21310,217.21365
16605968,250,3.75000,4.20332,212.06034
16614276,250,3.75000,4.21310,217.21365
16622600,250,3.75000,4.20821,214.61497
16630912,250,3.75000,4.20821,214.61497
16639224,250,3.75000,4.21310,217.21365
16647536,250,3.75000,4.20332,212.06034
16655828,250,3.75000,4.20821,214.61497
16664140,250,3.75000,4.20821,214.61497
16672440,250,3.75000,4.20332,212.06034
16680740,250,3.75000,4.20821,214.61497
16689052,250,3.75000,4.21310,217.21365
16697376,250,3.75000,4.20821,214.61497
16705688,250,3.75000,4.20821,214.61497
16714000,250,3.75000,4.20821,214.61497
16722304,250,3.75000,4.21310,217.21365
16730612,250,3.75000,4.20821,214.61497
16738916,250,3.75000,4.20821,214.61497
16747220,250,3.75000,4.21310,217.21365
16755540,250,3.75000,4.20821,214.61497
16763852,250,3.75000,4.20821,214.61497
16772168,250,3.75000,4.20821,214.61497
16780480,250,3.75000,4.20332,212.06034
16788776,250,3.75000,4.20821,214.61497
16797080,250,3.75000,4.20821,214.61497
16805388,250,3.75000,4.20821,214.61497
16813692,250,3.75000,4.20821,214.61497
16821996,250,3.75000,4.20821,214.61497
16830304,250,3.75000,4.20332,212.06034
16838612,250,3.75000,4.21310,217.21365
16846936,250,3.75000,4.21310,217.21365
16855256,250,3.75000,4.21310,217.21365
16863568,250,3.75000,4.20821,214.61497
16871872,250,3.75000,4.20821,214.61497
16880188,250,3.75000,4.20821,214.61497
16888492,250,3.75000,4.21310,217.21365
16896804,250,3.75000,4.21310,217.21365
16905124,250,3.75000,4.20821,214.61497
16913440,250,3.75000,4.21310,217.21365
16921760,250,3.75000,4.21310,217.21365
16930080,250,3.75000,4.20821,214.61497
16938384,250,3.75000,4.21310,217.21365
16946700,250,3.75000,4.20821,214.61497
16955004,250,3.75000,4.21310,217.21365
16963316,250,3.75000,4.20821,214.61497
16971628,250,3.75000,4.21310,217.21365
16979948,250,3.75000,4.21310,217.21365
16988272,250,3.75000,4.20821,214.61497
16996584,250,3.75000,4.20821,214.61497
17004888,250,3.75000,4.20821,214.61497
17013192,250,3.75000,4.21310,217.21365
17021516,250,3.75000,4.21310,217.21365
17029828,250,3.75000,4.20821,214.61497
17038140,250,3.75000,4.21310,217.21365
17046460,250,3.75000,4.20821,214.61497
17054776,250,3.75000,4.20821,214.61497
17063088,250,3.75000,4.20821,214.61497
17071392,250,3.75000,4.21310,217.21365
17079704,250,3.75000,4.20821,214.61497
17088012,250,3.75000,4.21310,217.21365
17096324,250,3.75000,4.21310,217.21365
17104636,250,3.75000,4.21310,217.21365
17112956,250,3.75000,4.21310,217.21365
17121276,250,3.75000,4.21310,217.21365
17129608,250,3.75000,4.21310,217.21365
17137928,250,3.75000,4.20821,214.61497
17146232,250,3.75000,4.20821,214.61497
17154540,250,3.75000,4.20821,214.61497
17162844,250,3.75000,4.20821,214.61497
17171148,250,3.75000,4.20821,214.61497
17179468,250,3.75000,4.21310,217.21365
17187788,250,3.75000,4.21310,217.21365
17196112,250,3.75000,4.20821,214.61497
17204432,250,3.75000,4.20821,214.61497
17212744,250,3.75000,4.20332,212.06034
17221040,250,3.75000,4.21310,217.21365
17229352,250,3.75000,4.19844,209.54833
17237660,250,3.75000,4.20821,214.61497
17245964,250,3.75000,4.20821,214.61497
17254276,250,3.75000,4.21310,217.21365
17262600,250,3.75000,4.20332,212.06034
17270904,250,3.75000,4.20821,214.61497
17279216,250,3.75000,4.20332,212.06034
17287512,250,3.75000,4.20821,214.61497
17295816,250,3.75000,4.20821,214.61497
17304124,250,3.75000,4.20821,214.61497
17312424,250,3.75000,4.20332,212.06034
17320724,250,3.75000,4.21310,217.21365
17329044,250,3.75000,4.20821,214.61497
17337360,250,3.75000,4.21310,217.21365
17345680,250,3.75000,4.20821,214.61497
17353992,250,3.75000,4.20821,214.61497
17362296,250,3.75000,4.20821,214.61497
17370604,250,3.75000,4.20821,214.61497
17378908,250,3.75000,4.20821,214.61497
17387212,250,3.75000,4.21310,217.21365
17395532,250,3.75000,4.20821,214.61497
17403840,250,3.75000,4.20332,212.06034
17412152,250,3.75000,4.20821,214.61497
17420464,250,3.75000,4.20821,214.61497
17428768,250,3.75000,4.20821,214.61497
17437072,250,3.75000,4.20821,214.61497
17445376,250,3.75000,4.20332,212.06034
17453672,250,3.75000,4.20332,212.06034
17461972,250,3.75000,4.20821,214.61497
17470284,250,3.75000,4.20821,214.61497
17478592,250,3.75000,4.20332,212.06034
17486904,250,3.75000,4.20332,212.06034
17495208,250,3.75000,4.20821,214.61497
17503512,250,3.75000,4.20821,214.61497
17511816,250,3.75000,4.21310,217.21365
17520132,250,3.75000,4.20821,214.61497
FINISHED STEP RESPONSES
17528768,150,2.25000,4.20821,214.61497
17537116,150,2.25000,4.05181,150.17245
17545436,150,2.25000,3.99316,132.91041
17553748,150,2.25000,3.98338,130.30113
17562048,150,2.25000,3.97361,127.76107
17570356,150,2.25000,3.95894,124.07575
17578652,150,2.25000,3.96383,125.28791
17586956,150,2.25000,3.96383,125.28791
17595268,150,2.25000,3.96872,126.51632
17603580,150,2.25000,3.96383,125.28791
17611900,150,2.25000,3.96872,126.51632
17620208,150,2.25000,3.96383,125.28791
17628516,150,2.25000,3.96872,126.51632
17636828,150,2.25000,3.97849,129.02255
17645124,150,2.25000,3.96383,125.28791
17653428,150,2.25000,3.96383,125.28791
17661732,150,2.25000,3.96383,125.28791
17670044,150,2.25000,3.96383,125.28791
17678360,150,2.25000,3.95894,124.07575
17686664,150,2.25000,3.95406,122.87940
17694960,150,2.25000,3.96383,125.28791
17703264,150,2.25000,3.96383,125.28791
17711564,150,2.25000,3.96383,125.28791
17719876,150,2.25000,3.96383,125.28791
17728180,150,2.25000,3.96383,125.28791
17736484,150,2.25000,3.96872,126.51632
17744796,150,2.25000,3.96872,126.51632
17753120,150,2.25000,3.97849,129.02255
17761424,150,2.25000,3.96383,125.28791
17769740,150,2.25000,3.96872,126.51632
17778040,150,2.25000,3.96383,125.28791
17786340,150,2.25000,3.96383,125.28791
17794644,150,2.25000,3.95894,124.07575
17802940,150,2.25000,3.95406,122.87940
17811228,150,2.25000,3.96383,125.28791
17819540,150,2.25000,3.95894,124.07575
17827848,150,2.25000,3.96383,125.28791
17836160,150,2.25000,3.96383,125.28791
17844476,150,2.25000,3.96872,126.51632
17852780,150,2.25000,3.96872,126.51632
17861084,150,2.25000,3.96872,126.51632
17869396,150,2.25000,3.97849,129.02255
17877692,150,2.25000,3.96383,125.28791
17885996,150,2.25000,3.96872,126.51632
17894308,150,2.25000,3.96872,126.51632
17902624,150,2.25000,3.96383,125.28791
17910936,150,2.25000,3.95406,122.87940
17919232,150,2.25000,3.95406,122.87940
17927520,150,2.25000,3.95894,124.07575
17935812,150,2.25000,3.96383,125.28791
17944124,150,2.25000,3.95894,124.07575
17952420,150,2.25000,3.95894,124.07575
17960716,150,2.25000,3.95894,124.07575
17969020,150,2.25000,3.96872,126.51632
17977332,150,2.25000,3.96872,126.51632
17985656,150,2.25000,3.97849,129.02255
17993964,150,2.25000,3.96872,126.51632
18002268,150,2.25000,3.96872,126.51632
18010564,150,2.25000,3.96872,126.51632
18018876,150,2.25000,3.95894,124.07575
18027172,150,2.25000,3.95894,124.07575
18035468,150,2.25000,3.94917,121.69857
18043780,150,2.25000,3.95894,124.07575
18052084,150,2.25000,3.96383,125.28791
18060400,150,2.25000,3.95894,124.07575
18068704,150,2.25000,3.95894,124.07575
18077000,150,2.25000,3.95894,124.07575
18085296,150,2.25000,3.96383,125.28791
18093596,150,2.25000,3.96872,126.51632
18101908,150,2.25000,3.97849,129.02255
18110212,150,2.25000,3.97849,129.02255
18118516,150,2.25000,3.95894,124.07575
18126820,150,2.25000,3.96872,126.51632
18135136,150,2.25000,3.96383,125.28791
18143448,150,2.25000,3.95894,124.07575
18151744,150,2.25000,3.95894,124.07575
18160040,150,2.25000,3.96383,125.28791
18168340,150,2.25000,3.96383,125.28791
18176644,150,2.25000,3.96383,125.28791
18184948,150,2.25000,3.95894,124.07575
18193252,150,2.25000,3.96872,126.51632
18201564,150,2.25000,3.96383,125.28791
18209884,150,2.25000,3.96872,126.51632
18218200,150,2.25000,3.97849,129.02255
18226504,150,2.25000,3.97849,129.02255
18234800,150,2.25000,3.96383,125.28791
18243108,150,2.25000,3.97361,127.76107
18251404,150,2.25000,3.96383,125.28791
18259708,150,2.25000,3.95894,124.07575
18268012,150,2.25000,3.94917,121.69857
18276324,150,2.25000,3.95894,124.07575
18284632,150,2.25000,3.96383,125.28791
18292952,150,2.25000,3.96383,125.28791
18301260,150,2.25000,3.96872,126.51632
18309560,150,2.25000,3.96383,125.28791
18317868,150,2.25000,3.96383,125.28791
18326172,150,2.25000,3.96872,126.51632
18334484,150,2.25000,3.97849,129.02255
18342788,150,2.25000,3.96872,126.51632
18351100,150,2.25000,3.96383,125.28791
18359416,150,2.25000,3.96383,125.28791
18367728,150,2.25000,3.95894,124.07575
18376024,150,2.25000,3.95894,124.07575
18384320,150,2.25000,3.95406,122.87940
18392612,150,2.25000,3.96383,125.28791
18400916,150,2.25000,3.95894,124.07575
18409212,150,2.25000,3.95894,124.07575
18417516,150,2.25000,3.96383,125.28791
18425828,150,2.25000,3.95894,124.07575
18434136,150,2.25000,3.96383,125.28791
18442448,150,2.25000,3.97361,127.76107
18450752,150,2.25000,3.97849,129.02255
18459048,150,2.25000,3.97361,127.76107
18467348,150,2.25000,3.96383,125.28791
18475652,150,2.25000,3.96383,125.28791
18483956,150,2.25000,3.96872,126.51632
18492268,150,2.25000,3.96383,125.28791
18500580,150,2.25000,3.95894,124.07575
18508892,150,2.25000,3.96872,126.51632
18517200,150,2.25000,3.95894,124.07575
18525496,150,2.25000,3.96383,125.28791
18533800,150,2.25000,3.96383,125.28791
18542108,150,2.25000,3.96383,125.28791
18550412,150,2.25000,3.96872,126.51632
18558716,150,2.25000,3.97361,127.76107
18567036,150,2.25000,3.97849,129.02255
18575340,150,2.25000,3.96383,125.28791
18583656,150,2.25000,3.96383,125.28791
18591972,150,2.25000,3.96872,126.51632
18600276,150,2.25000,3.96872,126.51632
18608576,150,2.25000,3.95894,124.07575
18616868,150,2.25000,3.95406,122.87940
18625156,150,2.25000,3.96872,126.51632
18633460,150,2.25000,3.96383,125.28791
18641772,150,2.25000,3.95894,124.07575
18650076,150,2.25000,3.96383,125.28791
18658392,150,2.25000,3.96383,125.28791
18666704,150,2.25000,3.96383,125.28791
18675008,150,2.25000,3.97361,127.76107
18683312,150,2.25000,3.97361,127.76107
18691620,150,2.25000,3.98338,130.30113
18699924,150,2.25000,3.96872,126.51632
18708228,150,2.25000,3.96872,126.51632
18716540,150,2.25000,3.95894,124.07575
18724844,150,2.25000,3.95894,124.07575
18733152,150,2.25000,3.95894,124.07575
18741460,150,2.25000,3.96872,126.51632
18749760,150,2.25000,3.96383,125.28791
18758064,150,2.25000,3.96383,125.28791
18766372,150,2.25000,3.96383,125.28791
18774676,150,2.25000,3.96383,125.28791
18782980,150,2.25000,3.96872,126.51632
18791292,150,2.25000,3.96872,126.51632
18799604,150,2.25000,3.97361,127.76107
18807924,150,2.25000,3.96872,126.51632
18816236,150,2.25000,3.96872,126.51632
18824536,150,2.25000,3.96383,125.28791
18832836,150,2.25000,3.95894,124.07575
18841140,150,2.25000,3.96383,125.28791
18849444,150,2.25000,3.94917,121.69857
18857748,150,2.25000,3.96383,125.28791
18866060,150,2.25000,3.96383,125.28791
18874376,150,2.25000,3.96383,125.28791
18882688,150,2.25000,3.96383,125.28791
18891004,150,2.25000,3.96872,126.51632
18899316,150,2.25000,3.96872,126.51632
18907620,150,2.25000,3.96872,126.51632
18915932,150,2.25000,3.97849,129.02255
18924236,150,2.25000,3.96383,125.28791
18932548,150,2.25000,3.96383,125.28791
18940860,150,2.25000,3.96383,125.28791
18949176,150,2.25000,3.96383,125.28791
18957488,150,2.25000,3.95406,122.87940
18965776,150,2.25000,3.95894,124.07575
18974072,150,2.25000,3.95894,124.07575
18982372,150,2.25000,3.96383,125.28791
18990676,150,2.25000,3.95894,124.07575
18998972,150,2.25000,3.96383,125.28791
19007276,150,2.25000,3.96872,126.51632
19015588,150,2.25000,3.96872,126.51632
19023912,150,2.25000,3.97849,129.02255
19032224,150,2.25000,3.97849,129.02255
19040528,150,2.25000,3.96383,125.28791
19048832,150,2.25000,3.96383,125.28791
19057132,150,2.25000,3.96383,125.28791
19065436,150,2.25000,3.96383,125.28791
19073740,150,2.25000,3.95406,122.87940
19082036,150,2.25000,3.95406,122.87940
19090332,150,2.25000,3.96383,125.28791
19098648,150,2.25000,3.95894,124.07575
19106952,150,2.25000,3.95894,124.07575
19115256,150,2.25000,3.96383,125.28791
19123560,150,2.25000,3.96383,125.28791
19131868,150,2.25000,3.96872,126.51632
19140172,150,2.25000,3.97361,127.76107
19148484,150,2.25000,3.97849,129.02255
19156788,150,2.25000,3.96872,126.51632
19165100,150,2.25000,3.96383,125.28791
19173416,150,2.25000,3.96383,125.28791
19181732,150,2.25000,3.96872,126.51632
19190040,150,2.25000,3.95406,122.87940
19198328,150,2.25000,3.94917,121.69857
19206644,150,2.25000,3.96383,125.28791
19214948,150,2.25000,3.95894,124.07575
19223244,150,2.25000,3.96383,125.28791
19231556,150,2.25000,3.96383,125.28791
19239868,150,2.25000,3.96872,126.51632
19248184,150,2.25000,3.97361,127.76107
19256496,150,2.25000,3.97361,127.76107
19264800,150,2.25000,3.97849,129.02255
19273096,150,2.25000,3.96383,125.28791
19281396,150,2.25000,3.96383,125.28791
19289700,150,2.25000,3.96872,126.51632
19298004,150,2.25000,3.95894,124.07575
19306308,150,2.25000,3.95894,124.07575
19314612,150,2.25000,3.95406,122.87940
19322912,150,2.25000,3.96383,125.28791
19331224,150,2.25000,3.95894,124.07575
19339528,150,2.25000,3.96383,125.28791
19347832,150,2.25000,3.95894,124.07575
19356132,150,2.25000,3.96383,125.28791
19364436,150,2.25000,3.96872,126.51632
19372740,150,2.25000,3.97361,127.76107
19381052,150,2.25000,3.97361,127.76107
19389364,150,2.25000,3.96872,126.51632
19397680,150,2.25000,3.96383,125.28791
19405992,150,2.25000,3.96383,125.28791
19414296,150,2.25000,3.96383,125.28791
19422600,150,2.25000,3.95406,122.87940
19430892,150,2.25000,3.95894,124.07575
19439188,150,2.25000,3.95894,124.07575
19447484,150,2.25000,3.96383,125.28791
19455788,150,2.25000,3.96383,125.28791
19464100,150,2.25000,3.95894,124.07575
19472412,150,2.25000,3.96872,126.51632
19480724,150,2.25000,3.96872,126.51632
19489032,150,2.25000,3.97361,127.76107
19497336,150,2.25000,3.97849,129.02255
19505636,150,2.25000,3.96872,126.51632
19513940,150,2.25000,3.96383,125.28791
19522244,150,2.25000,3.96383,125.28791
19530556,150,2.25000,3.95894,124.07575
19538860,150,2.25000,3.95406,122.87940
19547160,150,2.25000,3.95894,124.07575
19555468,150,2.25000,3.96872,126.51632
19563776,150,2.25000,3.95894,124.07575
19572072,150,2.25000,3.96383,125.28791
19580380,150,2.25000,3.95894,124.07575
19588676,150,2.25000,3.96383,125.28791
19596980,150,2.25000,3.97361,127.76107
19605276,150,2.25000,3.97361,127.76107
19613588,150,2.25000,3.97361,127.76107
19621908,150,2.25000,3.96872,126.51632
19630220,150,2.25000,3.96872,126.51632
19638528,150,2.25000,3.96383,125.28791
19646832,150,2.25000,3.96383,125.28791
19655140,150,2.25000,3.95406,122.87940
19663428,150,2.25000,3.95894,124.07575
19671724,150,2.25000,3.95894,124.07575
19680020,150,2.25000,3.95894,124.07575
19688324,150,2.25000,3.95894,124.07575
19696628,150,2.25000,3.95894,124.07575
19704940,150,2.25000,3.96872,126.51632
19713252,150,2.25000,3.96872,126.51632
19721556,150,2.25000,3.96872,126.51632
19729864,150,2.25000,3.97849,129.02255
19738172,150,2.25000,3.96872,126.51632
19746476,150,2.25000,3.96383,125.28791
19754780,150,2.25000,3.96872,126.51632
19763092,150,2.25000,3.96383,125.28791
19771408,150,2.25000,3.95894,124.07575
19779712,150,2.25000,3.95406,122.87940
19788012,150,2.25000,3.96872,126.51632
19796312,150,2.25000,3.95894,124.07575
19804608,150,2.25000,3.96383,125.28791
19812916,150,2.25000,3.96383,125.28791
19821220,150,2.25000,3.96383,125.28791
19829524,150,2.25000,3.96872,126.51632
19837836,150,2.25000,3.96872,126.51632
19846160,150,2.25000,3.97849,129.02255
19854464,150,2.25000,3.96383,125.28791
19862780,150,2.25000,3.96872,126.51632
19871084,150,2.25000,3.96872,126.51632
19879388,150,2.25000,3.96383,125.28791
19887692,150,2.25000,3.95894,124.07575
19895988,150,2.25000,3.95894,124.07575
19904284,150,2.25000,3.96383,125.28791
19912596,150,2.25000,3.96383,125.28791
19920912,150,2.25000,3.95894,124.07575
19929216,150,2.25000,3.96383,125.28791
19937528,150,2.25000,3.95894,124.07575
19945828,150,2.25000,3.96872,126.51632
19954132,150,2.25000,3.97361,127.76107
19962444,150,2.25000,3.97849,129.02255
19970740,150,2.25000,3.96872,126.51632
19979044,150,2.25000,3.96383,125.28791
19987356,150,2.25000,3.96383,125.28791
19995676,150,2.25000,3.96872,126.51632
20003984,150,2.25000,3.95894,124.07575
20012288,150,2.25000,3.95406,122.87940
20020580,150,2.25000,3.96872,126.51632
FINISHED STEP RESPONSES
20029216,250,3.75000,3.96383,125.28791
20037572,250,3.75000,4.15445,188.71980
20045896,250,3.75000,4.19844,209.54833
20054216,250,3.75000,4.20332,212.06034
20062512,250,3.75000,4.20821,214.61497
20070816,250,3.75000,4.20821,214.61497
20079124,250,3.75000,4.20821,214.61497
20087428,250,3.75000,4.20821,214.61497
20095732,250,3.75000,4.20821,214.61497
20104052,250,3.75000,4.20821,214.61497
20112364,250,3.75000,4.20821,214.61497
20120680,250,3.75000,4.20821,214.61497
20129000,250,3.75000,4.20821,214.61497
20137304,250,3.75000,4.20821,214.61497
20145608,250,3.75000,4.21310,217.21365
20153932,250,3.75000,4.20821,214.61497
20162236,250,3.75000,4.20821,214.61497
20170540,250,3.75000,4.20821,214.61497
20178860,250,3.75000,4.21310,217.21365
20187184,250,3.75000,4.20821,214.61497
20195504,250,3.75000,4.20821,214.61497
20203808,250,3.75000,4.20821,214.61497
20212116,250,3.75000,4.21799,219.85723
20220428,250,3.75000,4.21310,217.21365
20228740,250,3.75000,4.20821,214.61497
20237044,250,3.75000,4.20821,214.61497
20245356,250,3.75000,4.21310,217.21365
20253676,250,3.75000,4.20821,214.61497
20262000,250,3.75000,4.21310,217.21365
20270320,250,3.75000,4.20821,214.61497
20278624,250,3.75000,4.20821,214.61497
20286932,250,3.75000,4.20821,214.61497
20295244,250,3.75000,4.20821,214.61497
20303548,250,3.75000,4.20821,214.61497
20311852,250,3.75000,4.20821,214.61497
20320168,250,3.75000,4.20332,212.06034
20328480,250,3.75000,4.20821,214.61497
20336792,250,3.75000,4.20821,214.61497
20345112,250,3.75000,4.21310,217.21365
20353424,250,3.75000,4.20821,214.61497
20361732,250,3.75000,4.20821,214.61497
20370036,250,3.75000,4.20821,214.61497
20378340,250,3.75000,4.20821,214.61497
20386660,250,3.75000,4.20821,214.61497
20394976,250,3.75000,4.20332,212.06034
20403288,250,3.75000,4.21310,217.21365
20411608,250,3.75000,4.21310,217.21365
20419920,250,3.75000,4.20332,212.06034
20428216,250,3.75000,4.20821,214.61497
20436524,250,3.75000,4.20821,214.61497
20444828,250,3.75000,4.21310,217.21365
20453140,250,3.75000,4.20821,214.61497
20461460,250,3.75000,4.21310,217.21365
20469784,250,3.75000,4.20821,214.61497
20478104,250,3.75000,4.21310,217.21365
20486424,250,3.75000,4.20821,214.61497
20494728,250,3.75000,4.20821,214.61497
20503036,250,3.75000,4.20821,214.61497
20511340,250,3.75000,4.20821,214.61497
20519644,250,3.75000,4.21310,217.21365
20527964,250,3.75000,4.21310,217.21365
20536284,250,3.75000,4.21310,217.21365
20544608,250,3.75000,4.20821,214.61497
20552920,250,3.75000,4.21310,217.21365
20561232,250,3.75000,4.20821,214.61497
20569536,250,3.75000,4.21310,217.21365
20577860,250,3.75000,4.20821,214.61497
20586164,250,3.75000,4.21310,217.21365
20594476,250,3.75000,4.20821,214.61497
20602788,250,3.75000,4.21310,217.21365
20611112,250,3.75000,4.20821,214.61497
20619424,250,3.75000,4.20821,214.61497
20627736,250,3.75000,4.21310,217.21365
20636048,250,3.75000,4.20332,212.06034
20644348,250,3.75000,4.21310,217.21365
20652660,250,3.75000,4.20821,214.61497
20660964,250,3.75000,4.20821,214.61497
20669276,250,3.75000,4.20821,214.61497
20677596,250,3.75000,4.20821,214.61497
20685920,250,3.75000,4.20821,214.61497
20694232,250,3.75000,4.20821,214.61497
20702536,250,3.75000,4.20821,214.61497
20710840,250,3.75000,4.20821,214.61497
20719148,250,3.75000,4.20821,214.61497
20727452,250,3.75000,4.21310,217.21365
20735764,250,3.75000,4.20821,214.61497
20744084,250,3.75000,4.21310,217.21365
20752408,250,3.75000,4.21310,217.21365
20760728,250,3.75000,4.20821,214.61497
20769048,250,3.75000,4.20821,214.61497
20777352,250,3.75000,4.21310,217.21365
20785668,250,3.75000,4.20821,214.61497
20793972,250,3.75000,4.20821,214.61497
20802276,250,3.75000,4.20821,214.61497
20810588,250,3.75000,4.20821,214.61497
20818900,250,3.75000,4.21310,217.21365
20827224,250,3.75000,4.20821,214.61497
20835536,250,3.75000,4.21310,217.21365
20843848,250,3.75000,4.21310,217.21365
20852160,250,3.75000,4.20821,214.61497
20860468,250,3.75000,4.21310,217.21365
20868780,250,3.75000,4.20821,214.61497
20877084,250,3.75000,4.20821,214.61497
20885396,250,3.75000,4.20821,214.61497
20893720,250,3.75000,4.20821,214.61497
20902032,250,3.75000,4.20821,214.61497
20910344,250,3.75000,4.21310,217.21365
20918656,250,3.75000,4.20332,212.06034
20926956,250,3.75000,4.20821,214.61497
20935260,250,3.75000,4.20821,214.61497
20943564,250,3.75000,4.21310,217.21365
20951892,250,3.75000,4.20821,214.61497
20960212,250,3.75000,4.20821,214.61497
20968528,250,3.75000,4.21310,217.21365
20976848,250,3.75000,4.19844,209.54833
20985152,250,3.75000,4.20821,214.61497
20993456,250,3.75000,4.20821,214.61497
21001764,250,3.75000,4.21310,217.21365
21010076,250,3.75000,4.20821,214.61497
21018380,250,3.75000,4.20821,214.61497
21026692,250,3.75000,4.20821,214.61497
21035004,250,3.75000,4.21310,217.21365
21043328,250,3.75000,4.20821,214.61497
21051640,250,3.75000,4.21310,217.21365
21059952,250,3.75000,4.21310,217.21365
21068260,250,3.75000,4.21310,217.21365
21076568,250,3.75000,4.20332,212.06034
21084864,250,3.75000,4.20332,212.06034
21093164,250,3.75000,4.20821,214.61497
21101476,250,3.75000,4.20821,214.61497
21109792,250,3.75000,4.20821,214.61497
21118104,250,3.75000,4.21310,217.21365
21126424,250,3.75000,4.20821,214.61497
21134728,250,3.75000,4.20821,214.61497
21143036,250,3.75000,4.20821,214.61497
21151340,250,3.75000,4.21310,217.21365
21159652,250,3.75000,4.20821,214.61497
21167964,250,3.75000,4.21310,217.21365
21176284,250,3.75000,4.20821,214.61497
21184600,250,3.75000,4.21310,217.21365
21192920,250,3.75000,4.21310,217.21365
21201232,250,3.75000,4.20332,212.06034
21209528,250,3.75000,4.21310,217.21365
21217844,250,3.75000,4.20821,214.61497
21226144,250,3.75000,4.20332,212.06034
21234444,250,3.75000,4.20821,214.61497
21242756,250,3.75000,4.20821,214.61497
21251080,250,3.75000,4.20821,214.61497
21259392,250,3.75000,4.20821,214.61497
21267704,250,3.75000,4.20821,214.61497
21276008,250,3.75000,4.20821,214.61497
21284316,250,3.75000,4.20821,214.61497
21292620,250,3.75000,4.21310,217.21365
21300932,250,3.75000,4.20821,214.61497
21309244,250,3.75000,4.21310,217.21365
21317564,250,3.75000,4.20821,214.61497
21325880,250,3.75000,4.21310,217.21365
21334200,250,3.75000,4.20821,214.61497
21342504,250,3.75000,4.21310,217.21365
21350816,250,3.75000,4.20821,214.61497
21359124,250,3.75000,4.21310,217.21365
21367436,250,3.75000,4.21310,217.21365
21375748,250,3.75000,4.20821,214.61497
21384068,250,3.75000,4.20821,214.61497
21392380,250,3.75000,4.20821,214.61497
21400696,250,3.75000,4.21310,217.21365
21409016,250,3.75000,4.21310,217.21365
21417328,250,3.75000,4.21310,217.21365
21425640,250,3.75000,4.19844,209.54833
21433948,250,3.75000,4.20821,214.61497
21442252,250,3.75000,4.20821,214.61497
21450564,250,3.75000,4.21310,217.21365
21458884,250,3.75000,4.21310,217.21365
21467208,250,3.75000,4.20332,212.06034
21475512,250,3.75000,4.20821,214.61497
21483816,250,3.75000,4.20821,214.61497
21492120,250,3.75000,4.20821,214.61497
21500428,250,3.75000,4.20821,214.61497
21508732,250,3.75000,4.20821,214.61497
21517036,250,3.75000,4.21310,217.21365
21525356,250,3.75000,4.20821,214.61497
21533668,250,3.75000,4.21310,217.21365
21541992,250,3.75000,4.20332,212.06034
21550304,250,3.75000,4.21310,217.21365
21558616,250,3.75000,4.20821,214.61497
21566920,250,3.75000,4.20821,214.61497
21575236,250,3.75000,4.21310,217.21365
21583548,250,3.75000,4.21310,217.21365
21591860,250,3.75000,4.21310,217.21365
21600180,250,3.75000,4.21310,217.21365
21608504,250,3.75000,4.20821,214.61497
21616816,250,3.75000,4.21310,217.21365
21625132,250,3.75000,4.21799,219.85723
21633440,250,3.75000,4.21310,217.21365
21641748,250,3.75000,4.20821,214.61497
21650048,250,3.75000,4.19844,209.54833
21658356,250,3.75000,4.21310,217.21365
21666676,250,3.75000,4.21310,217.21365
21674996,250,3.75000,4.20821,214.61497
21683312,250,3.75000,4.20821,214.61497
21691624,250,3.75000,4.20821,214.61497
21699928,250,3.75000,4.20821,214.61497
21708232,250,3.75000,4.21310,217.21365
21716556,250,3.75000,4.21310,217.21365
21724868,250,3.75000,4.21310,217.21365
21733188,250,3.75000,4.20821,214.61497
21741500,250,3.75000,4.20821,214.61497
21749824,250,3.75000,4.21310,217.21365
21758144,250,3.75000,4.20821,214.61497
21766448,250,3.75000,4.20821,214.61497
21774752,250,3.75000,4.20821,214.61497
21783060,250,3.75000,4.20821,214.61497
21791360,250,3.75000,4.20332,212.06034
21799660,250,3.75000,4.21310,217.21365
21807980,250,3.75000,4.20821,214.61497
21816300,250,3.75000,4.20821,214.61497
21824616,250,3.75000,4.21310,217.21365
21832936,250,3.75000,4.20821,214.61497
21841240,250,3.75000,4.20821,214.61497
21849544,250,3.75000,4.21310,217.21365
21857868,250,3.75000,4.20821,214.61497
21866172,250,3.75000,4.21310,217.21365
21874484,250,3.75000,4.20821,214.61497
21882792,250,3.75000,4.20332,212.06034
21891104,250,3.75000,4.20821,214.61497
21899424,250,3.75000,4.21310,217.21365
21907752,250,3.75000,4.21310,217.21365
21916064,250,3.75000,4.20821,214.61497
21924372,250,3.75000,4.20821,214.61497
21932676,250,3.75000,4.20821,214.61497
21940980,250,3.75000,4.21310,217.21365
21949300,250,3.75000,4.21310,217.21365
21957620,250,3.75000,4.21310,217.21365
21965944,250,3.75000,4.21310,217.21365
21974264,250,3.75000,4.21310,217.21365
21982576,250,3.75000,4.19844,209.54833
21990880,250,3.75000,4.20332,212.06034
21999176,250,3.75000,4.20332,212.06034
22007476,250,3.75000,4.20821,214.61497
22015780,250,3.75000,4.20821,214.61497
22024100,250,3.75000,4.21310,217.21365
22032424,250,3.75000,4.21310,217.21365
22040744,250,3.75000,4.20821,214.61497
22049048,250,3.75000,4.20821,214.61497
22057352,250,3.75000,4.20821,214.61497
22065660,250,3.75000,4.21310,217.21365
22073972,250,3.75000,4.21310,217.21365